Epoch,Training Loss,Validation Loss
0,0.20777356928508534,0.12228493353253916
