Epoch,Training Loss,Validation Loss
0,0.2677261884013812,0.1723247067286418
1,0.12091370043655236,0.11385656291475663
2,0.09002177419761817,0.09535297536506103
3,0.07743384080628554,0.07713652774691582
