Epoch,Training Loss,Validation Loss
0,0.2677261884013812,0.1723247067286418
1,0.12091370043655236,0.11385656291475663
2,0.09002177419761817,0.09535297536506103
3,0.07743384080628554,0.07713652774691582
4,0.07046570566793282,0.07292454718397214
5,0.06329627823084592,0.0763581867974538
6,0.05973731152713299,0.0661090318686687
7,0.05703690964107712,0.06678599248138758
