Epoch,Training Loss,Validation Loss
0,0.10050805207962792,0.04200996533036232
1,0.03297406273583571,0.025737268291413783
2,0.02169971140101552,0.01747403694316745
