Epoch,Training Loss,Validation Loss
0,0.7946833372116089,0.6806696355342865
1,0.5475993752479553,0.4865776598453522
2,0.5182800889015198,0.4424649029970169
3,0.45517852902412415,0.46654289960861206
4,0.43067575991153717,0.42009100317955017
