Epoch,Training Loss,Validation Loss
0,0.6127566876576135,0.10836216885792582
1,0.0982676078075249,0.10432144038771328
2,0.08390268617260613,0.22290795492498497
