Epoch,Training Loss,Validation Loss
0,0.050609829428140074,0.02033874820917845
1,0.015152791078435257,0.013247014163061977
