Epoch,Training Loss,Validation Loss
0,0.061562286627789335,0.01727528590708971
1,0.01372523910055558,0.011218688450753689
2,0.010476364909360806,0.00934069906361401
3,0.0084977636889865,0.007783593493513763
4,0.0077807575464248655,0.007956242305226624
5,0.00732795779282848,0.007818515063263476
6,0.007074031047523022,0.007355355657637119
7,0.006121308806662758,0.005540376994758844
